macro_category,subcategory
Elettronica,Smartphone
Elettronica,Custodie smartphone
Elettronica,Caricabatterie
Elettronica,Power bank
Elettronica,Laptop
Elettronica,Notebook gaming
Elettronica,Tablet
Elettronica,eReader
Elettronica,Monitor
Elettronica,Stampanti
Elettronica,Scanner
Elettronica,Tastiere
Elettronica,Mouse
Elettronica,Webcam
Elettronica,TV
Elettronica,Smart TV
Elettronica,Proiettori
Elettronica,Cuffie
Elettronica,Auricolari
Elettronica,Speaker Bluetooth
Elettronica,Console
Elettronica,Accessori console
Elettronica,Videogiochi
Elettronica,Fotocamere reflex
Elettronica,Mirrorless
Elettronica,Obiettivi
Elettronica,Droni
Elettronica,Action cam
Elettronica,Smartwatch
Elettronica,Fitness tracker
Elettronica,Domotica
Elettronica,Assistenti vocali
Elettronica,Sicurezza smart
Abbigliamento,Abbigliamento uomo
Abbigliamento,Abbigliamento donna
Abbigliamento,Abbigliamento bambino
Abbigliamento,Intimo
Abbigliamento,Pigiami
Abbigliamento,Costumi da bagno
Abbigliamento,Scarpe uomo
Abbigliamento,Scarpe donna
Abbigliamento,Sneakers
Abbigliamento,Borse
Abbigliamento,Zaini
Abbigliamento,Valigie
Abbigliamento,Occhiali da sole
Abbigliamento,Cinture
Abbigliamento,Cappelli
Abbigliamento,Gioielli
Abbigliamento,Orologi
Casa e cucina,Mobili soggiorno
Casa e cucina,Mobili camera
Casa e cucina,Mobili cucina
Casa e cucina,Illuminazione
Casa e cucina,Lampade
Casa e cucina,Pentole
Casa e cucina,Padelle
Casa e cucina,Utensili cucina
Casa e cucina,Piccoli elettrodomestici
Casa e cucina,Robot cucina
Casa e cucina,Macchine caffè
Casa e cucina,Frigoriferi
Casa e cucina,Forni
Casa e cucina,Biancheria letto
Casa e cucina,Tende
Casa e cucina,Tappeti
Casa e cucina,Decorazioni casa
Casa e cucina,Candele
Casa e cucina,Quadri
Bellezza e cura personale,Creme viso
Bellezza e cura personale,Sieri
Bellezza e cura personale,Maschere viso
Bellezza e cura personale,Make-up viso
Bellezza e cura personale,Make-up occhi
Bellezza e cura personale,Make-up labbra
Bellezza e cura personale,Shampoo
Bellezza e cura personale,Balsamo
Bellezza e cura personale,Styling capelli
Bellezza e cura personale,Profumi uomo
Bellezza e cura personale,Profumi donna
Bellezza e cura personale,Epilatori
Bellezza e cura personale,Rasoi elettrici
Bellezza e cura personale,Dispositivi estetici
Bellezza e cura personale,Massaggiatori
Bellezza e cura personale,Integratori
Bellezza e cura personale,Vitamine
Infanzia,Giocattoli educativi
Infanzia,Peluche
Infanzia,Costruzioni
Infanzia,Passeggini
Infanzia,Seggiolini auto
Infanzia,Culle
Infanzia,Lettini
Infanzia,Prodotti allattamento
Infanzia,Pannolini
Infanzia,Abbigliamento neonati
Sport e tempo libero,Attrezzi palestra
Sport e tempo libero,Tapis roulant
Sport e tempo libero,Pesi
Sport e tempo libero,Yoga
Sport e tempo libero,Pilates
Sport e tempo libero,Biciclette
Sport e tempo libero,Accessori bici
Sport e tempo libero,Camping
Sport e tempo libero,Escursionismo
Sport e tempo libero,Sport acquatici
Sport e tempo libero,Sport invernali
Auto e moto,Autoradio
Auto e moto,Navigatori GPS
Auto e moto,Accessori interni auto
Auto e moto,Accessori esterni auto
Auto e moto,Oli motore
Auto e moto,Batterie auto
Auto e moto,Ricambi meccanici
Auto e moto,Pneumatici
Auto e moto,Caschi moto
Auto e moto,Accessori moto
Animali domestici,Cibo cani
Animali domestici,Cibo gatti
Animali domestici,Snack animali
Animali domestici,Cucce
Animali domestici,Trasportini
Animali domestici,Guinzagli
Animali domestici,Collari
Animali domestici,Giochi animali
Animali domestici,Prodotti igiene
Libri e media,Romanzi
Libri e media,Saggistica
Libri e media,Manuali
Libri e media,Libri scolastici
Libri e media,Fumetti
Libri e media,Ebook
Libri e media,Audiolibri
Libri e media,DVD
Libri e media,Blu-ray
Libri e media,Vinili
Fai da te e industria,Trapani
Fai da te e industria,Avvitatori
Fai da te e industria,Seghe
Fai da te e industria,Vernici
Fai da te e industria,Pennelli
Fai da te e industria,Materiali edilizia
Fai da te e industria,Ferramenta
Fai da te e industria,Sicurezza lavoro
Alimentari e bevande,Pasta
Alimentari e bevande,Riso
Alimentari e bevande,Conserve
Alimentari e bevande,Snack
Alimentari e bevande,Dolci
Alimentari e bevande,Bevande analcoliche
Alimentari e bevande,Succhi
Alimentari e bevande,Caffè
Alimentari e bevande,Tè
Alimentari e bevande,Prodotti bio
Alimentari e bevande,Senza glutine
Ufficio e scuola,Penne
Ufficio e scuola,Matite
Ufficio e scuola,Quaderni
Ufficio e scuola,Agende
Ufficio e scuola,Organizer
Ufficio e scuola,Scrivanie
Ufficio e scuola,Sedie ufficio
Ufficio e scuola,Zaini scuola
Ufficio e scuola,Stampanti
Ufficio e scuola,Cartucce
Hobby e creatività,Colori
Hobby e creatività,Pennelli
Hobby e creatività,Tele pittura
Hobby e creatività,Kit fai da te
Hobby e creatività,Cucito
Hobby e creatività,Maglia
Hobby e creatività,Modellismo
Giardino e outdoor,Fiori
Giardino e outdoor,Piante
Giardino e outdoor,Semi
Giardino e outdoor,Attrezzi giardino
Giardino e outdoor,Irrigazione
Giardino e outdoor,Arredo giardino
Giardino e outdoor,Barbecue
